Generation,Best Fitness,Average Fitness,Std Fitness,Best Health,Avg Health,Std Health,Lowest Time,Avg Time,Std Time
0,-46.50084623323011,-82.69440010453445,13.661370806028591,-43.199999999999925,-88.07,13.850514430879457,160.25,268.895,47.7178580303014
0,-40.22668810289389,-59.646343907655826,8.814166247580266,47.2000000000003,-65.21949999999998,33.67223960104231,15.0,271.73,99.95052326026112
1,-34.57031847133756,-47.49461002896355,2.5215465740576164,55.00000000000032,-53.65099999999998,30.033431355740916,61.0,269.1275,78.35011961541602
2,-34.57031847133756,-44.39816425716553,4.030355069718192,55.00000000000032,-49.615499999999976,34.58841221782238,61.0,279.8425,81.7715885485295
