Generation,Best Fitness,Average Fitness,Std Fitness,Best Health,Avg Health,Std Health,Lowest Time,Avg Time,Std Time
0,5.818472285818739,2.8519730027390553,1.2516158445718018,-5.764438962754568,-9.324646824053298,1.404248366051525,9.794608495854565,14.878375530749954,2.268911778864143
0,5.818472285818739,4.188753157910616,1.2624750072954973,-5.764438962754568,-7.937331139651251,1.5287576532319607,14.908080832968135,16.620975869468865,1.5680779057630618
1,5.818472285818739,5.185825843996665,0.5068254428713675,-5.764438962754568,-6.794993151768867,0.841443971790921,14.908080832968135,15.092782365848748,0.32385377252976627
