Generation,Best Fitness,Average Fitness,Std Fitness,Best Health,Avg Health,Std Health,Lowest Time,Avg Time,Std Time
0,73.30000000000015,5.019666666666668,11.83287425870073,46.6000000000003,-89.96066666666665,23.66574851740146,15,269.0366666666667,203.05091805313816
