Generation,Best Fitness,Average Fitness,Std Fitness,Best Health,Avg Health,Std Health,Lowest Time,Avg Time,Std Time
0,-45.83884297520661,-82.72729087310918,15.180988079463765,-49.749999999999936,-88.29299999999999,15.244320286585433,167.25,256.7425,33.865348348274814
