Generation,Best Fitness,Average Fitness,Std Fitness,Best Health,Avg Health,Std Health,Lowest Time,Avg Time,Std Time
0,-69.61199999999998,-82.94434464074966,7.604819802549634,-76.27499999999999,-89.91499999999999,7.891888240465647,345.875,392.65,35.85259753490673
0,-69.13299999999992,-75.02144534005035,7.0562353254852574,9.800000000000097,-82.69499999999996,27.285893333369213,15.0,467.775,295.25154423812927
1,-69.13299999999992,-69.42039999999994,0.23466111735865594,9.800000000000097,-77.97499999999997,29.667362117316785,15.0,543.85,326.9007915255024
2,-66.13099999999999,-68.67199999999994,1.2988616554506378,10.400000000000091,-78.11999999999995,26.071317573149297,15.0,593.75,341.4133674887379
3,-56.37599999999998,-66.12859999999996,5.043096770834352,5.600000000000136,-74.68499999999997,28.482517006051324,15.0,536.525,323.2451846122383
