Generation,Best Fitness,Average Fitness,Std Fitness,Best Health,Avg Health,Std Health,Lowest Time,Avg Time,Std Time
0,-26.33876288659792,-72.79094352135937,23.316222059817623,-13.266666666666604,-73.63333333333328,28.152840788177066,270.6666666666667,371.7,115.74866929880639
0,-17.75153284671529,-32.78233845783981,7.082259480265145,80.20000000000019,-23.12666666666657,64.79931035298323,217.0,366.56666666666666,107.49005638765954
1,-17.75153284671529,-26.99081992274062,3.6055558810300705,82.00000000000017,-14.2666666666666,67.84791489467874,320.0,460.8333333333333,76.77568336104574
2,-17.75153284671529,-24.3682818161591,3.936725130394104,90.40000000000009,-11.959999999999926,66.31161587535033,308.0,498.56666666666666,121.18159467876667
3,-17.75153284671529,-18.16099138025892,1.7847883692870496,82.00000000000017,-8.48666666666656,59.731670735790615,370.0,640.7333333333333,71.96315415235463
