Generation,Best Fitness,Average Fitness,Std Fitness,Best Health,Avg Health,Std Health,Lowest Time,Avg Time,Std Time
0,-0.33254999999999985,-0.800715,0.2764074483891489,-21.924999999999958,-77.25999999999998,32.11110049500019,271.5,313.55,42.075794704319016
0,-0.33254999999999985,-0.40840999999999983,0.0973164806186496,-21.924999999999958,-31.142499999999963,12.478586909181665,255.125,316.95,77.00832341377132
1,-0.33254999999999985,-0.3973049999999999,0.188430300708246,-21.924999999999958,-29.777499999999964,22.158763644436497,271.5,280.975,17.836829875288938
2,-0.29614999999999986,-0.32890999999999987,0.010919999999999996,-17.44999999999993,-22.017499999999956,1.5225000000000095,271.5,271.575,0.225
3,-0.29614999999999986,-0.31434999999999985,0.018199999999999997,-17.44999999999993,-19.987499999999944,2.5375000000000156,271.5,271.875,0.375
4,-0.29614999999999986,-0.30691999999999986,0.032310000000000005,-17.44999999999993,-18.522499999999933,3.217500000000009,265.125,271.5375,2.1375
5,-0.29614999999999986,-0.3219599999999999,0.044842707322372964,-17.44999999999993,-19.91749999999994,4.112907274665951,244.0,272.075,10.71858782676151
