Generation,Best Fitness,Average Fitness,Std Fitness,Best Health,Avg Health,Std Health,Lowest Time,Avg Time,Std Time
0,-68.32083333333333,-85.92351642312249,7.972825554751248,-73.33333333333333,-90.33333333333334,7.810249675906656,210.66666666666666,242.76666666666665,41.34167926493122
0,-68.32083333333333,-77.9860410195503,6.330396080717411,-50.0,-82.66666666666667,14.817407180595245,147.0,244.83333333333334,62.71155307348789
1,-15.032043010752666,-68.51099688926988,18.917381592959874,100.0,-70.28666666666666,39.89632174635765,147.0,300.53333333333336,227.95214897478428
2,-15.032043010752666,-60.39521715475801,23.88439667593005,100.0,-59.23999999999999,51.392149854493034,147.0,350.1666666666667,308.82153242429337
3,-15.032043010752666,-36.57731072503127,26.97379677348023,100.0,-23.38666666666662,73.99091716029898,155.0,532.6666666666666,478.8739801752533
4,-15.032043010752666,-21.74940148024017,20.15207540846251,100.0,0.7533333333334032,79.58320900513851,155.0,654.1,546.7634680554289
5,-15.032043010752666,-20.394226837531278,16.08655148033584,100.0,2.0866666666667366,78.37750839508885,158.0,659.6666666666666,543.0713478806342
6,-2.4866666666666397,-48.47264727256862,29.09208108974504,78.0,-45.88666666666664,54.13949102908978,147.0,310.1333333333333,75.05941350394069
