Generation,Best Fitness,Average Fitness,Std Fitness,Best Health,Avg Health,Std Health,Lowest Time,Avg Time,Std Time
0,-0.50005,-0.7508649999999999,0.19511468941368817,-41.27499999999996,-71.03999999999999,22.901992817220087,255.125,332.9375,50.67482887242936
0,-0.34209999999999996,-0.47509499999999993,0.09166273629452702,-25.424999999999937,-38.859999999999964,10.635866208259687,269.125,337.925,59.85404643798112
1,-0.29809999999999987,-0.3636099999999999,0.06163794204870896,-18.42499999999993,-26.054999999999943,6.538891343339493,232.625,299.3875,36.16042596886823
