Generation,Best Fitness,Average Fitness,Std Fitness,Best Health,Avg Health,Std Health,Lowest Time,Avg Time,Std Time
0,-0.24700000000000003,-0.7945699999999999,0.251266760833979,4.0,-76.76,30.628130860370828,152.0,319.82,48.265749761088344
0,-0.24700000000000003,-0.57486,0.20725033268972093,78.0,-52.474747474747474,51.90275355851974,152.0,305.3181818181818,79.60636917267256
1,-0.24700000000000003,-0.40386000000000005,0.1581149594440703,78.0,-26.02020202020202,67.32252835568204,176.0,276.489898989899,66.26582066856703
2,-0.24700000000000003,-0.33186,0.12794405183516738,78.0,-12.373737373737374,71.15157896394388,158.0,276.0656565656566,51.39047127338136
