Generation,Best Fitness,Average Fitness,Std Fitness,Best Health,Avg Health,Std Health,Lowest Time,Avg Time,Std Time
0,-23.2,-79.33860224271106,25.683227808193973,4.0,-79.15,33.940057454282545,212.5,334.625,39.474319183489406
0,-23.2,-61.602235436159404,26.57108069812305,80.0,-57.48717948717949,59.929390843863104,168.0,320.2564102564103,62.83177293119974
1,-23.2,-41.51149706701134,14.026181241835879,80.0,-28.0,71.02906591761013,165.0,335.3076923076923,57.68488841182596
2,-23.2,-35.128437500000004,8.872657585905069,80.0,-19.58974358974359,75.34288047583391,165.0,368.4102564102564,83.17350353134009
3,-23.2,-30.357819314641752,9.778234482245502,78.0,-13.333333333333334,73.07787673691723,164.0,326.0769230769231,64.26283553935497
4,-23.2,-49.539098044312894,17.821954645532347,78.0,-50.717948717948715,50.2087686273453,148.0,293.3076923076923,68.47576919224367
