Generation,Best Fitness,Average Fitness,Std Fitness,Best Health,Avg Health,Std Health,Lowest Time,Avg Time,Std Time
0,1.8181818181818181,1.1808765516727886,0.22986212795619135,-49.549999999999926,-87.1425,15.353102902996524,175.5,254.585,29.005543004743075
0,1.8181818181818181,0.4763636363636364,0.5283875362172656,37.60000000000028,-74.99187817258883,30.864697936412266,15.0,265.72017766497464,112.62116106222653
1,1.8181818181818181,0.5563636363636364,0.5259041800666451,37.60000000000028,-68.65939086294416,30.7673474757728,15.0,260.4587563451777,80.10664120536194
2,1.8181818181818181,0.5963636363636364,0.5200635689052632,35.800000000000274,-65.1472081218274,31.189527964398014,15.0,262.4282994923858,75.04730804007954
