Generation,Best Fitness,Average Fitness,Std Fitness,Best Health,Avg Health,Std Health,Lowest Time,Avg Time,Std Time
0,-29.49209621993125,-70.39321862217075,24.130216837710606,-15.999999999999943,-71.1533333333333,28.605998593923573,277.6666666666667,397.0333333333333,105.49907319234822
0,-26.459439775910347,-30.939685189331506,5.4316583444984365,82.00000000000017,-18.479999999999936,69.88845588984405,250.0,427.06666666666666,70.24193113012261
1,-22.754901960784295,-29.2999125542064,6.080974018182534,85.00000000000014,-16.43333333333327,69.82496369892051,217.0,371.1,83.21552339157239
2,-22.754901960784295,-23.83082352941175,1.6460427401494195,85.00000000000014,-9.573333333333286,67.77473931258531,249.0,321.76666666666665,49.83150498318197
3,-22.754901960784295,-22.7549019607843,3.552713678800501e-15,85.00000000000014,-8.333333333333288,67.12343521867429,252.0,322.0,49.49747468305833
