Generation,Best Fitness,Average Fitness,Std Fitness,Best Health,Avg Health,Std Health,Lowest Time,Avg Time,Std Time
0,-47.38962739174215,-80.05308475416378,21.31720353835221,-44.333333333333236,-82.14666666666663,24.493278896691496,277.6666666666667,340.59999999999997,50.22854434150631
0,-36.076536796536764,-55.250096931567654,17.050534174043673,47.2000000000003,-53.93333333333326,55.44550076927405,156.0,311.6666666666667,74.93211742785748
1,-29.291803278688505,-46.92158614842538,12.72141665084054,82.00000000000017,-42.873333333333235,59.37163146000146,171.0,331.3666666666667,136.55340428646304
2,-29.291803278688505,-39.617817511391756,13.791382033741538,82.00000000000017,-32.446666666666594,63.159305111932916,185.0,330.6666666666667,59.51489076039896
3,-29.28168498168496,-30.793798819732018,4.215680264824981,82.00000000000017,-18.33999999999994,69.68766796691276,337.0,380.23333333333335,50.205367132298605
4,-29.28168498168496,-29.288767789587446,0.004636786192278446,82.00000000000017,-15.999999999999941,70.3704483430368,337.0,355.93333333333334,13.408786505704219
5,-29.28168498168496,-29.28775595988709,0.004956932944922875,82.00000000000017,-15.999999999999941,70.3704483430368,337.0,355.8,13.317657451669195
6,-64.31693989071039,-64.31693989071039,0.0,-50.0,-70.0,14.142135623730951,337.0,346.6666666666667,13.670731102939921
