Generation,Best Fitness,Average Fitness,Std Fitness,Best Health,Avg Health,Std Health,Lowest Time,Avg Time,Std Time
0,-8.136666666666626,-68.59127552917239,25.028165424135356,-16.299999999999947,-77.22249999999997,24.578604389794,258.25,340.56875,61.366960713298326
0,-8.136666666666626,-48.190694865742046,22.35877250300653,91.00000000000009,-56.95324999999997,50.68968301772566,15.0,348.3625,201.19024229258736
1,-8.136666666666626,-35.922533144825834,15.600066005737453,91.00000000000009,-44.66524999999996,53.21190179309048,15.0,344.335,203.59411895975776
2,-7.239413202933932,-31.906020987803615,16.531430822384195,91.00000000000009,-40.74699999999996,55.36904361644697,15.0,345.5025,193.89359193575737
3,-2.5199999999999356,-24.666351784714838,13.517360061721588,91.00000000000009,-33.72899999999996,56.55557672767565,15.0,339.66875,164.3814892968107
4,1.041661631420025,-17.189116184836173,12.266778546883515,91.00000000000009,-26.61624999999995,57.0091061668003,15.0,326.3825,117.29460215095152
5,3.5590384615384743,-14.742704268578269,14.343660401093443,89.2000000000001,-23.936249999999944,56.28069461136303,15.0,342.61375,136.97368200109648
