Generation,Best Fitness,Average Fitness,Std Fitness,Best Health,Avg Health,Std Health,Lowest Time,Avg Time,Std Time
0,-48.201298701298704,-81.60151026014587,13.973268020289288,-55.0,-87.2395,13.799842924830704,174.25,255.475,36.362575197584675
0,-45.27272727272727,-60.640383105642194,9.163365139464096,27.400000000000254,-66.729,29.716344980498533,15.0,264.3175,82.17820084274175
1,-27.247801857585095,-47.05781997551324,3.3204728294352543,33.40000000000027,-53.486,28.864857595352884,142.0,264.345,58.305411198275586
2,-25.075527950310512,-39.769925791407665,5.9226063123757,91.00000000000009,-44.16199999999995,39.5139615326027,137.0,278.1775,55.42586033387303
