Generation,Best Fitness,Average Fitness,Std Fitness,Best Health,Avg Health,Std Health,Lowest Time,Avg Time,Std Time
0,-37.60260869565215,-81.67614186242808,14.029201377777484,-32.299999999999955,-87.1055,14.283945349587421,163.25,254.97,37.52481312411829
0,-36.490909090909085,-62.61997742622555,9.058559814544294,91.00000000000009,-68.189,32.7731670578234,15.0,265.37,85.19306368478598
1,-35.10248447204969,-56.54395256454629,10.024103401195518,91.00000000000009,-62.111,33.459741167558384,15.0,268.1525,94.30712721608054
2,-35.10248447204969,-52.670592611544706,8.193235901969695,91.00000000000009,-58.61999999999999,32.299108346825946,15.0,265.1125,68.79262201537313
0,271.565,93.28395239804111
