Generation,Best Fitness,Average Fitness,Std Fitness,Best Health,Avg Health,Std Health,Lowest Time,Avg Time,Std Time
0,-0.55,-0.8655780000000002,0.13733492678849032,-55.0,-86.47650000000002,13.881764035957392,164.0,256.3675,39.22138216266734
0,-0.5084,-0.708921,0.12153780752917999,-50.44999999999994,-70.81049999999999,12.22599953991493,177.0,269.4425,36.59618926541396
