Generation,Best Fitness,Average Fitness,Std Fitness,Best Health,Avg Health,Std Health,Lowest Time,Avg Time,Std Time
0,4.799395649358659,2.823431152899969,0.7199771996117095,-7.477451008051453,-9.527713591339769,0.7167610822329699,12.493345519966416,16.190902808654677,2.1140275371812227
0,4.799395649358659,3.547207000929089,0.6806055344383114,-5.947377200752021,-8.771046668212724,0.9337487287289163,12.417681967093412,15.847862171804133,1.8712449616023414
1,4.799395649358659,4.169506416909227,0.4137728164594018,-5.947377200752021,-8.072267923276497,0.8239200957508871,14.127098590082792,15.75688890839221,0.55555586403646
2,5.410871403432729,4.725816420440139,0.2946172864804306,-4.623982264386005,-7.304807362169981,0.8912186808841028,15.26405956138269,16.21227219878726,0.6057074723782412
