Generation,Best Fitness,Average Fitness,Std Fitness,Best Health,Avg Health,Std Health,Lowest Time,Avg Time,Std Time
0,-0.4727999999999999,-0.83576,0.1636761550542208,-57.5,-83.92666666666668,15.684683257525124,175.25,264.225,51.874220877683236
0,-0.4727999999999999,-0.7845449999999998,0.17754677709925726,-47.5,-79.295,16.605011040847486,193.25,254.38333333333333,36.841424450685345
1,-0.37054999999999993,-0.6924533333333335,0.2048197882421412,-45.54999999999994,-70.95333333333332,18.62361374408547,193.25,258.64166666666665,33.79020342084703
2,-0.3474999999999999,-0.563745,0.21321965174830085,-44.549999999999926,-60.8283333333333,18.352350818234605,224.0,256.18333333333334,27.31528367456985
