Generation,Best Fitness,Average Fitness,Std Fitness,Best Health,Avg Health,Std Health,Lowest Time,Avg Time,Std Time
0,-0.4912999999999998,-0.8587199999999998,0.1486895302299392,-41.89999999999993,-85.635,15.414740510303773,168.5,267.07,48.19993620327728
0,-0.4912999999999998,-0.49170799999999987,0.0019987836301111027,-41.89999999999993,-42.10399999999992,0.9993918150555396,245.25,279.81,7.0545304592155516
