mutation_rate,number_of_crossovers,k_tournament,k_tournament_final_linear_increase_factor
0.11710360980455192,2.2467564201280763,3.9640553620758774,9.368475484744346
