mutation_rate,number_of_crossovers,k_tournament,k_tournament_final_linear_increase_factor,Run 1,Run 2,Run 3
0.047272650733906844,6.359224497953753,2.2517261933170163,5.13206196777564,1.825745856353704,7.779433962264262,4.430260303687659
0.42957833384642413,3.2125892387839445,3.4030811672462615,2.124699244695853,-5.386666666666578,-20.961550387596848,1.5953903345725706
0.23622197409030452,8.47652402212867,1.8714343031193237,9.872265498317741,12.520370370370397,8.128755020080337,-2.9468595041321475
0.01,10,1,10,8.459528795811632,-4.22222222222214,-1.1784615384614288
0.350990616351052,9,2,10,5.367492625368843,-9.91573991031382,2.159040247678128
0.20842851283434824,2,1,10,2.6594117647059488,-12.739999999999915,-1.7339860139859358
