mutation_rate,number_of_crossovers,k_tournament,k_tournament_final_linear_increase_factor,Run 1
0.1695303127570996,5.347171894739237,10.026368212958635,3.153345008294327,-0.2414999999999998
0.5,10,20,5,-0.22314999999999977
