mutation_rate,number_of_crossovers,k_tournament,k_tournament_final_linear_increase_factor
0.23622197409030452,8.47652402212867,1.8714343031193237,9.872265498317741
