mutation_rate,number_of_crossovers,k_tournament,k_tournament_final_linear_increase_factor
0.054128345043897554,1.7604028682071302,3.6323507240382016,1.7740278643273428
