Generation,Best Fitness,Average Fitness,Std Fitness,Best Health,Avg Health,Std Health,Lowest Time,Avg Time,Std Time
0,-41.75320872274141,-82.36011370301921,13.782952870549126,-47.94999999999994,-88.00450000000001,13.569727512002592,169.0,255.7225,38.299345539447536
0,-25.978070739549807,-57.184268115563036,10.031790304956438,45.4000000000003,-62.82399999999998,33.858972577442486,15.0,274.8325,100.8261099306623
1,-25.978070739549807,-44.06932136114388,4.849269372965159,85.60000000000014,-48.80199999999997,38.85471137455541,114.0,288.2175,65.6770903264601
2,-25.978070739549807,-40.029799412729155,5.602321404691273,91.00000000000009,-44.04149999999996,41.0691949975892,114.0,299.8775,73.54952408921487
