Generation,Best Fitness,Average Fitness,Std Fitness,Best Health,Avg Health,Std Health,Lowest Time,Avg Time,Std Time
0,-0.55,-0.888994,0.13645291702268586,-55.0,-88.822,13.791255055287756,158.75,257.9625,35.774788171979445
0,-0.5,-0.5407499999999998,0.018592673288153068,-50.0,-54.075,1.8592673288153052,257.0,270.64,20.634507505632403
1,-0.5,-0.5,0.0,-50.0,-50.0,0.0,300.75,308.16,12.501075953692947
2,-0.5,-0.5,0.0,-50.0,-50.0,0.0,300.75,309.87,13.294570320247283
3,-0.5,-0.5,0.0,-50.0,-50.0,0.0,300.75,306.165,11.180575790181827
4,-0.475,-0.49774999999999997,0.0071545440106270996,-47.5,-49.775,0.7154544010627094,296.25,302.34,7.493457146070831
5,-0.44909999999999983,-0.469669,0.010341824742278335,-40.79999999999994,-46.59700000000001,1.9936627096878907,245.0,291.9975,14.811713903191622
6,-0.38249999999999984,-0.4431059999999997,0.019059705244310568,-37.49999999999994,-40.50299999999994,0.9443998094027755,245.0,248.9375,12.520452018597412
7,-0.2556999999999999,-0.3661539999999999,0.041082053064568205,9.650000000000027,-31.58949999999994,15.268130689445897,181.0,273.795,35.37750662497288
