Generation,Best Fitness,Average Fitness,Std Fitness,Best Health,Avg Health,Std Health,Lowest Time,Avg Time,Std Time
0,-58.07916398713824,-78.47887672076357,12.484129851385246,-63.54999999999994,-84.35499999999999,12.322508876036578,240.75,265.8,17.67158736503317
0,-48.201298701298704,-58.394413335943476,6.928466468656111,9.400000000000231,-64.61999999999998,31.500882527319796,29.0,270.775,96.49339031767927
