Generation,Best Fitness,Average Fitness,Std Fitness,Best Health,Avg Health,Std Health,Lowest Time,Avg Time,Std Time
0,-40.90557275541796,-81.9989740827369,15.347757004595062,-47.5,-87.49499999999998,15.400827088179396,165.0,257.815,38.49634105989815
0,-36.4064935064935,-61.16343693755587,11.332119819590027,91.00000000000009,-66.85,32.579332405683225,15.0,270.175,98.05898416259471
1,-33.77547619047617,-52.11678253809429,8.215887386231621,91.00000000000009,-58.553999999999995,29.181629221138436,50.0,269.0975,62.37337568025319
2,-33.77547619047617,-49.86446284774452,5.925707137027262,91.00000000000009,-56.302,28.452578020277887,61.0,266.875,63.05279038234549
3,-33.77547619047617,-47.83600783169417,4.5540894247895665,91.00000000000009,-54.313500000000005,28.88623924553005,161.0,269.16,59.80024581889275
4,-33.65714285714286,-49.691220050676236,7.918520710023899,91.00000000000009,-55.983999999999995,29.695335391269797,15.0,278.2075,86.86117915242689
5,-33.65714285714286,-49.84273268448462,7.440619589462565,37.00000000000028,-56.421499999999995,28.10261976666945,15.0,271.2225,66.1781156708923
6,-28.280742459396752,-46.651944654658884,5.221217290526832,91.00000000000009,-53.02449999999999,29.655712767525934,154.0,274.055,60.649294925827455
5.747594521986649,14.200000000000228,-55.392999999999994,28.246609548758254,15.0,276.295,92.49369154163975
