mutation_rate,number_of_crossovers,k_tournament,k_tournament_final_linear_increase_factor,Average Performance
0.31304370092864336,4.88769853942402,1.226740360564682,1.1626096723061174,-29.67797202797197
0.36037392439675314,7.499246013719901,2.168205099442692,2.622304830528277,-16.741038575667623
0.050997604725705525,1.8293470737407023,2.7067386517428256,2.2330516045021516,-18.091928783382755
0.5,10,3,3,-4.299999999999944
