mutation_rate,number_of_crossovers,k_tournament,k_tournament_final_linear_increase_factor,Average Performance
0.047272650733906844,6.359224497953753,2.2517261933170163,5.13206196777564,4.678480040768542
0.42957833384642413,3.2125892387839445,3.4030811672462615,2.124699244695853,-8.250942239896952
0.23622197409030452,8.47652402212867,1.8714343031193237,9.872265498317741,5.900755295439528
0.01,10,1,10,1.0196150117093545
0.350990616351052,9,2,10,-0.7964023457556161
0.20842851283434824,2,1,10,-3.938191416426634
